participant,movement_name,joint_name,angle_type,side,arom_deg,prom_deg,mi4l,arom_confidence,prom_confidence,mi4l_valid,qc_flags,assist_gap,peak_hold_time_s,peak_band_std_deg,time_to_peak_s,fit_r2,fit_rmse_deg,jerk_rms,torso_angle_change_deg,pelvis_drift_norm,frames_valid_pct,avg_landmark_visibility,grip_width_shoulder_widths,grip_ratio_normalized,confidence,plateau_duration_s
P08,Bilateral Leg Straddle,hip,vector-vector,both,140.2466125,145.1826019,0.03399849096,1,1,TRUE,,4.93598938,2.100801527,0.7846198117,1.934071247,0.7852483935,20.04746349,1615.472553,0.3158606425,0.002477417909,80.15267176,0.8236671968,,,,
P08,Kneeling Knee Flexion,knee,vector-reference,left,71.65411758,87.90471649,0.1848660636,1,1,TRUE,,16.25059891,0.900483871,0.5953545752,1.800967742,0.8019886523,11.47235428,1023.965447,0.3070642734,0.006684376352,98.92473118,0.8701241341,,,,
P08,Kneeling Knee Flexion,knee,vector-reference,right,70.12587738,87.46348953,0.1982268515,1,1,TRUE,,17.33761215,0.3668412698,0.5673228811,2.367793651,0.749213188,12.0691108,629.6840812,0.2617335493,0.004940022725,100,0.7946251896,,,,
P08,Prone Trunk Extension,trunk,vector-reference,both,52.77173615,71.38174438,0.2607110319,1,1,TRUE,,18.61000824,0.3667939815,0.2441937005,3.234456019,0.8983800613,5.717425268,581.5402225,0.2513749351,0.001345040032,100,0.8917773378,,,,
P08,Shoulder Flexion,shoulder,vector-vector,left,179.6352234,178.8323441,-0.004489564445,1,1,TRUE,,-0.8028793335,1.4004375,0.7715581946,3.0009375,0.9281734687,20.21303916,855.1783347,0.5770981859,0.007110185926,100,0.7959643678,,,,
P08,Shoulder Flexion,shoulder,vector-vector,right,179.8648529,178.48909,-0.00770782651,1,1,TRUE,,-1.375762939,3.034718417,1.184919774,3.068066971,0.8947277279,26.14905101,808.4380022,1.700259625,0.01335150702,100,0.8037798639,,,,
P08,Shoulder Stick Pass-Through,shoulder,distance,both,,,,,,,,,,,,,,,,,100,0.9738761534,2.858752651,0.3498029113,1,6.403316062
P08,Standing Hip Abduction,hip,vector-reference,left,92.42741394,144.6864853,0.3611883394,1,1,TRUE,,52.25907135,0.6335517241,0.2795583539,2.534206897,0.7945943433,17.16989718,653.2114554,0.05384640549,0.001034970469,100,0.9787721157,,,,
P08,Standing Hip Abduction,hip,vector-reference,right,77.21517944,140.6495361,0.4510100668,1,1,TRUE,,63.43435669,0.5335466667,0.5187797566,2.267573333,0.9301046517,7.977637264,326.2216906,0.2700867656,0.001038033381,100,0.9424891837,,,,
P10,Bilateral Leg Straddle,hip,vector-vector,both,107.866188,112.2293549,0.03887723327,1,1,TRUE,,4.363166809,1.871825397,1.065772862,3.567063492,0.8603165932,11.05049128,355.4448567,0.1535841299,0.002326285199,98.97959184,0.7056992602,,,,
P10,Kneeling Knee Flexion,knee,vector-reference,left,75.3894043,82.96122742,0.09126942014,1,1,TRUE,,7.57182312,0.5541988304,0.7725989823,3.359830409,0.6858413308,10.35409329,619.4623461,1.813189189,0.01523685241,100,0.8103030643,,,,
P10,Kneeling Knee Flexion,knee,vector-reference,right,74.58563614,85.41240692,0.1267587599,1,1,TRUE,,10.82677078,0.5112204724,0.4016802393,0.6816272966,0.5625135773,15.04435242,1166.906556,2.1639028,0.009385448956,99.2,0.8723498793,,,,
P10,Prone Trunk Extension,trunk,vector-reference,both,48.61682892,79.70346069,0.3900286324,1,1,TRUE,,31.08663177,0.9528571429,0.4141884383,2.109897959,0.8284583226,4.825496768,215.0818702,0.6149323568,0.009560672715,100,0.8141302997,,,,
P10,Shoulder Flexion,shoulder,vector-vector,left,178.6721802,173.9756699,,1,1,FALSE,mi4l:prom_lt_arom:173.976+2.000<178.672;too_many_clipped_frames:0.961,-4.696510315,,,,,,,0.3052375999,0.0566570845,0,0.6949802239,,,,
P10,Shoulder Flexion,shoulder,vector-vector,right,178.7086716,173.4800262,,1,1,FALSE,mi4l:prom_lt_arom:173.480+2.000<178.709;too_many_clipped_frames:1.000,-5.228645325,0.369,0.04816693478,0.5904,0.8345893508,0.09012416335,36.16727867,0.09796265186,0.06075414586,25.18518519,0.6814245278,,,,
P10,Shoulder Stick Pass-Through,shoulder,distance,both,,,,,,,too_many_clipped_frames:1.000,,,,,,,,,,100,0.9867187344,3.013387823,0.3318524063,1,6.72960199
P10,Standing Hip Abduction,hip,vector-reference,left,65.30847168,98.32173157,0.3357676819,1,1,TRUE,,33.01325989,0.2460247748,0.5674942673,1.300416667,0.817130544,8.909300031,272.0941817,0.7162394925,0.00152841957,100,0.9456066082,,,,
P10,Standing Hip Abduction,hip,vector-reference,right,77.95397949,83.45910645,0.06596196853,0.4347826087,1,TRUE,arom:low_valid_ratio:0.087<0.200,5.505126953,0.1729276896,0.6894386381,1.867619048,0.8308501371,11.59305328,738.5073461,0.4722624299,0.00131352686,100,0.9232583705,,,,
P10,Unilateral Hip Extension,hip,vector-vector,both,102.0280991,132.9206238,0.2324133294,1,1,TRUE,,30.89252472,1.090876777,0.7917553718,2.463270142,0.9126644636,7.929451176,716.924752,0.1786851977,0.005768952867,100,0.8871075789,,,,
P11,Bilateral Leg Straddle,hip,vector-vector,both,78.14634323,104.2468414,0.2503720769,1,1,TRUE,,26.1004982,1.067098516,0.5234009981,1.300526316,0.8784280022,10.62088703,437.1567429,0.04875771768,0.006808453028,70.44534413,0.7304017215,,,,
P11,Kneeling Knee Flexion,knee,vector-reference,left,65.18702698,88.54124451,0.2637665379,1,1,TRUE,,23.35421753,2.834398496,0.371833774,1.967406015,0.8372610167,11.78114738,713.6154422,0.1353152818,0.004621690646,100,0.9002836552,,,,
P11,Kneeling Knee Flexion,knee,vector-reference,right,72.34246826,84.12434006,0.1400530665,1,1,TRUE,,11.7818718,1.934,0.3047217949,1.433827586,0.9113702601,9.036810095,691.0922866,0.03468189281,0.0009267852074,100,0.9256258567,,,,
P11,Prone Trunk Extension,trunk,vector-reference,both,35.62627411,70.74925995,0.4964431552,1,1,TRUE,,35.12298584,2.201073171,0.2095251851,2.067674797,0.7194989382,2.581580182,192.469367,0.1681358281,0.003527707495,100,0.8357244888,,,,
P11,Shoulder Flexion,shoulder,vector-vector,left,179.7413025,179.7331085,-4.56E-05,1,1,TRUE,,-0.008193969727,7.403687708,1.101329103,1.500747508,0.6549334465,35.1922503,842.0284125,0.6307570584,0.04649594159,100,0.8031363424,,,,
P11,Shoulder Flexion,shoulder,vector-vector,right,178.0961609,179.3537903,0.00701200344,1,1,TRUE,,1.257629395,3.088245614,0.8434465183,1.277894737,0.8533629848,26.22457222,872.6462443,0.1931458209,0.01503806026,100,0.7577442283,,,,
P11,Shoulder Stick Pass-Through,shoulder,distance,both,,,,,,,,,,,,,,,,,100,0.9894341904,3.679563634,0.2717713565,1,7.903319328
P11,Standing Hip Abduction,hip,vector-reference,left,55.0052681,43.71411896,,1,1,FALSE,mi4l:prom_lt_arom:43.714+2.000<55.005,-11.29114914,0.1667624521,0.2927110603,1.634272031,0.803920328,8.226844705,254.9834231,2.629814212,0.009977206544,100,0.9769445976,,,,
P11,Standing Hip Abduction,hip,vector-reference,right,39.93516541,75.49389648,0.471014648,1,0.4885057471,TRUE,prom:low_valid_ratio:0.098<0.200,35.55873108,0.03334507042,0.3703083741,0.9336619718,0.8490758536,5.293192101,235.7032776,1.875797948,0.01094672068,100,0.8471015153,,,,
P11,Unilateral Hip Extension,hip,vector-vector,both,73.22144699,97.00802612,0.2452021764,1,1,TRUE,,23.78657913,0.5336312849,0.456307978,1.534189944,0.828490213,11.68669784,450.5032242,1.49533606,0.002896160926,100,0.8497668547,,,,
P11,Unilateral Hip Extension,hip,vector-vector,both,63.09322548,97.00802612,0.3496081922,1,1,TRUE,,33.91480064,0.3001639344,0.8271392463,0.6670309654,0.8041369591,10.05153193,521.2981463,1.977371559,0.01179504626,100,0.8247574451,,,,
P13,Bilateral Leg Straddle,hip,vector-vector,both,154.4855652,128.3436737,,0.5,1,FALSE,arom:fallback_movement_window;arom:low_valid_ratio:0.027<0.200;arom:no_valid_hold;arom:too_few_valid_frames:6<15;mi4l:prom_lt_arom:128.344+2.000<154.486,-26.14189148,0.03334821429,0,1.067142857,0.6223094454,20.49052695,2755.074104,,,80.80357143,0.7906574101,,,,
P13,Kneeling Knee Flexion,knee,vector-reference,left,66.81026459,80.43808746,0.1694200261,1,1,TRUE,,13.62782288,1.433807947,0.4366274225,1.967317881,0.918178795,5.560070712,415.478908,0.04248117475,0.0007071137436,100,0.8389590238,,,,
P13,Kneeling Knee Flexion,knee,vector-reference,right,66.74473572,79.98748016,0.1655602154,1,1,TRUE,,13.24274445,0.4001904762,0.4451353872,1.233920635,0.89459064,5.250885425,937.4816599,0.002221499133,0.0005103484125,95.23809524,0.8474662982,,,,
P13,Prone Trunk Extension,trunk,vector-reference,both,36.4720459,69.71340942,0.4768288311,1,1,TRUE,,33.24136353,0.7669172113,0.2034864278,3.101013072,0.2677443378,1.200399671,100.8925087,0.08823224669,0.001319510703,100,0.790579343,,,,
P13,Shoulder Flexion,shoulder,vector-vector,left,172.3499451,168.5618896,,1,0.303030303,FALSE,mi4l:prom_lt_arom:168.562+2.000<172.350;prom:low_valid_ratio:0.061<0.200,-3.78805542,1.334015927,1.887831517,6.23652446,0.6967704235,38.88624326,1188.299857,0.3352785532,0.04196133715,100,0.768437765,,,,
P13,Shoulder Flexion,shoulder,vector-vector,right,175.7765427,167.4605331,,1,1,FALSE,mi4l:prom_lt_arom:167.461+2.000<175.777,-8.316009521,0.4001970443,1.904520279,2.034334975,0.8418501365,27.7532233,954.8449812,0.3392689189,0.03213281729,100,0.7327104571,,,,
P13,Shoulder Stick Pass-Through,shoulder,distance,both,,,,,,,,,,,,,,,,,100,0.9535130437,2.20992328,0.4525043964,1,8.336653386
P13,Standing Hip Abduction,hip,vector-reference,left,35.25970459,48.45742416,0.2723570186,1,1,TRUE,,13.19771957,0.333531746,0.3665917664,2.434781746,0.9186876838,3.966597811,227.6608808,0.1362273199,0.02408101165,100,0.9781350094,,,,
P13,Standing Hip Abduction,hip,vector-reference,right,29.76663208,43.53956604,0.3163314478,1,1,TRUE,,13.77293396,0.7003910615,0.2227747345,2.334636872,0.7995975519,3.50796778,217.9816829,1.8924662,0.01021880898,100,0.9803724059,,,,
P13,Unilateral Hip Extension,hip,vector-vector,both,71.71591187,125.838459,0.430095438,1,1,TRUE,,54.12254715,1.500585938,0.3086230998,1.700664063,0.9425776587,4.335108773,445.3067722,1.089846333,0.002352646262,100,0.8346086186,,,,
P13,Unilateral Hip Extension,hip,vector-vector,both,68.73786926,125.838459,0.4537610378,1,1,TRUE,,57.10058975,1.233971264,0.6688359547,8.404344828,0.8961209675,6.042118745,262.2996728,1.520954647,0.003059342371,100,0.8488301754,,,,
P17,Bilateral Leg Straddle,hip,vector-vector,both,109.2731857,113.7763214,0.03957884756,1,1,TRUE,,4.503135681,1.418770833,0.6319532502,1.107333333,0.8113743302,15.19028239,1251.871216,0.4491422815,0.009050378489,89.03225806,0.9547653729,,,,
P17,Kneeling Knee Flexion,knee,vector-reference,left,67.20331955,70.9205246,0.05241367106,1,1,TRUE,,3.717205048,0.9338888889,0.416985159,3.068492063,0.9174537775,6.293133281,862.8142724,0.04394422129,0.002432676863,100,0.7838049884,,,,
P17,Kneeling Knee Flexion,knee,vector-reference,right,62.10388947,59.90200806,,1,1,FALSE,mi4l:prom_lt_arom:59.902+2.000<62.104,-2.201881409,0.7337340619,0.4175565708,3.001639344,0.5948899198,11.38042207,729.9210379,0.03014289561,0.003928128227,100,0.8530623092,,,,
P17,Prone Trunk Extension,trunk,vector-reference,both,46.28421783,65.87400818,0.297382699,1,1,TRUE,,19.58979034,0.3668076923,0.3177729587,2.567653846,0.9065762312,5.169956042,345.6963233,0.5556004403,0.0170024252,100,0.8312981761,,,,
P17,Shoulder Flexion,shoulder,vector-vector,left,177.7284164,178.3317413,0.003383160427,1,1,TRUE,,0.6033248901,0.3667805383,1.361984106,2.067308489,0.877564009,26.89095055,743.7708091,0.6024898397,0.1002346198,100,0.8562804517,,,,
P17,Shoulder Flexion,shoulder,vector-vector,right,178.3827362,177.20784,-0.006630046619,1,1,TRUE,,-1.17489624,0.5335779817,1.404940117,3.168119266,0.9050683268,23.53445025,678.3048285,0.2479769866,0.1273793645,100,0.7608885803,,,,
P17,Shoulder Stick Pass-Through,shoulder,distance,both,,,,,,,,,,,,,,,,,100,0.9833034418,2.950290954,0.3389496207,1,11.23831854
P17,Standing Hip Abduction,hip,vector-reference,left,92.99814606,117.2960129,0.2071499808,0.5,1,TRUE,arom:fallback_movement_window;arom:low_valid_ratio:0.065<0.200;arom:no_valid_hold;arom:too_few_valid_frames:11<15,24.29786682,0.1667647059,1.017494144,1.534235294,0.7615752942,15.0772792,687.3988002,0.46686636,0.0008743238054,100,0.9822892267,,,,
P17,Standing Hip Abduction,hip,vector-reference,right,76.75119019,98.50415039,0.2208329306,1,0.6147540984,TRUE,prom:low_valid_ratio:0.123<0.200,21.75296021,0.2334433962,0.9724390902,4.468773585,0.7276223604,13.76737331,542.7622912,1.667410953,0.004523910176,100,0.962203139,,,,
P17,Unilateral Hip Extension,hip,vector-vector,both,100.8987579,139.8092041,0.2783110484,1,1,TRUE,,38.91044617,0.3334890966,0.4322665048,2.601214953,0.5874120543,25.60317048,1129.905987,7.240426495,0.01012891664,100,0.857517035,,,,
P17,Unilateral Hip Extension,hip,vector-vector,both,102.4295044,139.8092041,0.2673622237,0.5,1,TRUE,arom:fallback_movement_window;arom:low_valid_ratio:0.037<0.200;arom:no_valid_hold;arom:too_few_valid_frames:8<15,37.37969971,0.1333947773,0.7867181549,2.834639017,0.4128366048,28.86195992,1373.51166,,,100,0.857863237,,,,
P19,Bilateral Leg Straddle,hip,vector-vector,both,104.3718987,93.66297913,,1,1,FALSE,mi4l:prom_lt_arom:93.663+2.000<104.372,-10.70891953,1.567353801,0.5164255458,2.667836257,0.8165653224,17.33276675,1284.518163,0.03819459993,0.000157728217,81.14035088,0.7183342104,,,,
P19,Kneeling Knee Flexion,knee,vector-reference,left,56.29659653,68.83124924,0.1821070059,1,1,TRUE,,12.53465271,2.50125,0.2708845929,1.83425,0.8460086095,8.417179251,502.9206944,0.08107670447,0.001715665913,100,0.9483931294,,,,
P19,Kneeling Knee Flexion,knee,vector-reference,right,55.15447426,81.02879715,0.3193225594,1,1,TRUE,,25.87432289,0.6336306729,0.4483193772,3.901830986,0.8855761343,7.352528928,535.5663887,0.5396355886,0.003416152909,97.65258216,0.8354476522,,,,
P19,Prone Trunk Extension,trunk,vector-reference,both,38.06886292,66.51548767,0.4276691903,1,1,TRUE,,28.44662476,0.533557423,0.3501357764,2.367661064,0.8689433486,5.643509863,197.1635957,0.7342454451,0.004102826493,100,0.7848543735,,,,
P19,Shoulder Flexion,shoulder,vector-vector,left,175.5718536,178.8927002,0.01856334302,1,1,TRUE,,3.320846558,2.634552469,0.7375912848,2.401111111,0.9162391275,21.1803835,470.5075956,0.1392196471,0.009846954655,100,0.8172303298,,,,
P19,Shoulder Flexion,shoulder,vector-vector,right,179.8102417,179.3870544,-0.002359073553,1,1,TRUE,,-0.4231872559,5.936140904,0.7553990313,2.868023134,0.8284446758,28.67930186,476.6879831,0.3809515566,0.06321062679,100,0.7398748137,,,,
P19,Shoulder Stick Pass-Through,shoulder,distance,both,,,,,,,,,,,,,,,,,100,0.9907676507,3.303118988,0.3027441651,1,9.304982143
P19,Standing Hip Abduction,hip,vector-reference,left,57.07696533,54.33267975,,1,1,FALSE,mi4l:prom_lt_arom:54.333+2.000<57.077,-2.744285583,0.2668173258,0.4772561409,2.134538606,0.8123845174,9.033656944,212.1083484,0.5055551024,0.006888532076,100,0.9768876315,,,,
P19,Standing Hip Abduction,hip,vector-reference,right,47.67022705,64.15042114,0.2568992346,0.977443609,1,TRUE,arom:low_valid_ratio:0.195<0.200,16.48019409,0.200075188,0.2908936382,1.767330827,0.5246603016,11.34349673,309.375586,0.6233877511,0.005076251218,100,0.9421497262,,,,
P19,Unilateral Hip Extension,hip,vector-vector,both,91.86763382,120.5844193,0.2381467325,1,1,TRUE,,28.71678543,0.4335590278,0.5735580672,1.834288194,0.9139675087,10.97125339,756.3029408,2.902037987,0.009842111539,100,0.844277554,,,,
P19,Unilateral Hip Extension,hip,vector-vector,both,85.90807343,120.5844193,0.2875690412,1,1,TRUE,,34.67634583,0.9004591837,0.4239462828,3.668537415,0.9132130193,10.13384684,425.9281002,0.008242283182,0.003467152799,100,0.8566426415,,,,
P21,Bilateral Leg Straddle,hip,vector-vector,both,148.3722687,179.3907013,0.1729099245,1,1,TRUE,,31.01843262,0.96425,1.090922922,1.76225,0.9063651365,17.71698554,1339.312623,0.0261451003,0.0001269754285,86.07594937,0.8683126788,,,,
P21,Kneeling Knee Flexion,knee,vector-reference,left,77.20365906,89.13740158,0.1338803051,1,1,TRUE,,11.93374252,0.5668951613,0.4439910288,1.633991935,0.9026812859,9.052750265,584.9027721,0.07799971415,0.00143454315,100,0.8395919537,,,,
P21,Kneeling Knee Flexion,knee,vector-reference,right,72.05170441,89.794487,0.1975932286,1,1,TRUE,,17.74278259,1.546907895,0.435328155,1.178596491,0.8763072769,9.537928179,575.7256729,1.689603376,0.005593220823,100,0.8336849121,,,,
P21,Prone Trunk Extension,trunk,vector-reference,both,58.16929626,77.01441956,0.2446960374,1,1,TRUE,,18.84512329,0.4335066667,0.3738110472,1.567293333,0.8913269267,7.181868507,546.1988696,0.865442926,0.01384753239,100,0.8069009976,,,,
P21,Shoulder Flexion,shoulder,vector-vector,left,173.8297424,172.2682266,-0.009064444667,0.7627118644,1,TRUE,arom:low_valid_ratio:0.153<0.200,-1.561515808,0.3280232558,1.729463162,0.8018346253,0.8107095115,27.43639137,1165.557251,0.1492665878,0.04387394297,100,0.7775759809,,,,
P21,Shoulder Flexion,shoulder,vector-vector,right,177.4158478,178.320282,0.00507196486,1,1,TRUE,,0.9044342041,0.2988297872,1.175574482,1.726572104,0.8750168641,26.23825157,1199.834969,0.3467267401,0.03393096291,100,0.7835986202,,,,
P21,Shoulder Stick Pass-Through,shoulder,distance,both,,,,,,,,,,,,,,,,,100,0.9833691305,3.123129668,0.3201916367,1,4.168320106
P21,Standing Hip Abduction,hip,vector-reference,left,73.64588165,163.9767532,0.5508760833,1,1,TRUE,,90.33087158,0.1785294118,0.2941338094,1.249705882,0.8101676546,12.55035382,376.1950572,0.3798252674,0.007131235792,100,0.9827424306,,,,
P21,Standing Hip Abduction,hip,vector-reference,right,80.89379883,169.7663574,0.5234992371,1,1,TRUE,,88.87255859,0.2,0.6490996578,1.466666667,0.8475926397,11.36075359,500.6849513,0.0286434961,0.001355136425,100,0.9550905715,,,,
P21,Unilateral Hip Extension,hip,vector-vector,both,158.7774658,165.5443878,0.04087678288,1,1,TRUE,,6.766921997,0.9937956204,1.11326769,2.120097324,0.7613309927,27.23898525,1281.275736,1.468377868,0.02176970553,100,0.887685577,,,,
P21,Unilateral Hip Extension,hip,vector-vector,both,161.139389,165.5443878,0.02660917013,1,1,TRUE,,4.404998779,0.2667661692,1.07808427,1.900708955,0.8310195666,23.74089307,921.8441652,0.9639221515,0.02807565048,100,0.9125998661,,,,
P01,Bilateral Leg Straddle,hip,vector-vector,both,112.5282021,120.8659821,0.0689836781,1,1,TRUE,,8.337779999,0.7921520147,0.7666441358,3.788553114,0.899061785,12.84983848,294.4143546,0.08813736124,0.00154795452,100,0.903015563,,,,
P01,Kneeling Knee Flexion,knee,vector-reference,left,89.10626221,79.72528839,,1,1,FALSE,mi4l:prom_lt_arom:79.725+2.000<89.106,-9.380973816,0.7473652695,0.5040485638,0.8897205589,0.8580694229,11.23027924,2226.369487,0.2589111051,0.007935305794,85.80645161,0.8231326266,,,,
P01,Kneeling Knee Flexion,knee,vector-reference,right,74.66153717,82.17479706,0.09143022139,1,1,TRUE,,7.513259888,0.457275,0.6810821174,0.597975,0.5945397252,14.80212435,775.5284452,2.012276006,0.009754844731,100,0.7863793859,,,,
P01,Prone Trunk Extension,trunk,vector-reference,both,35.68984985,66.3567276,0.4621517494,1,1,TRUE,,30.66687775,0.3537878788,0.3415687817,0.5660606061,0.5930130019,3.018796431,203.3291011,0.3884244692,0.007541684195,100,0.8212113402,,,,
P01,Shoulder Flexion,shoulder,vector-vector,left,179.4658661,175.9316711,,1,1,FALSE,mi4l:prom_lt_arom:175.932+2.000<179.466,-3.534194946,,,,,,,0.1903696693,0.04667275506,0,0.757536275,,,,
P01,Shoulder Flexion,shoulder,vector-vector,right,178.186615,179.5392265,179.5392265,1,1,TRUE,,1.352611542,,,,,,,0.3777576292,0.3529200459,0,0.8020032139,,,,
P01,Shoulder Stick Pass-Through,shoulder,distance,both,,,,,,,too_many_clipped_frames:1.000,,,,,,,,,,100,0.9536612059,3.015670066,0.3316012621,1,5.557777778
P01,Standing Hip Abduction,hip,vector-reference,left,48.366436,97.74525833,0.5051786979,1,1,TRUE,,49.37882233,0.4474516129,0.3362032246,2.925645161,0.7797982734,7.428328302,318.4142815,0.07911714614,0.002892258947,100,0.8355057382,,,,
P01,Standing Hip Abduction,hip,vector-reference,right,46.69111633,97.22465515,0.5197605354,1,1,TRUE,,50.53353882,0.2883333333,0.5868697688,1.621875,0.6932617281,7.303352028,231.4107207,0.01869572311,0.004948187952,100,0.9405303556,,,,
P01,Unilateral Hip Extension,hip,vector-vector,both,97.74624634,,,1,0,FALSE,mi4l:missing_arom_or_prom;prom:low_valid_ratio:0.044<0.200;prom:no_valid_hold;prom:too_few_valid_frames:8<15,,3.332867299,0.5187322042,2.221911532,0.8259132593,12.03299403,501.2648807,0.2042424153,0.015284796,100,0.8666534769,,,,
P05,Bilateral Leg Straddle,hip,vector-vector,both,119.8035507,124.1688271,0.03515597626,1,1,TRUE,,4.365276337,0.8411217949,0.9494926915,0.8045512821,0.7963891256,15.83523919,385.6275958,0.5307823717,0.002934177407,100,0.9398986275,,,,
P05,Kneeling Knee Flexion,knee,vector-reference,left,73.54567337,80.3047142,0.08416742279,1,1,TRUE,,6.759040833,1.757916667,0.4301807752,1.617283333,0.8502368698,9.51555149,459.4851448,0.1792555443,0.0009594720262,100,0.8496129358,,,,
P05,Kneeling Knee Flexion,knee,vector-reference,right,68.58878326,81.96114731,0.1631549153,1,1,TRUE,,13.37236404,1.252075163,0.5545078779,0.845996732,0.8135515611,10.87367482,738.2032087,1.084837223,0.009617729207,100,0.8466322388,,,,
P05,Prone Trunk Extension,trunk,vector-reference,both,36.38739777,68.41278076,0.468119884,1,1,TRUE,,32.025383,0.5659813084,0.2457583508,1.450327103,0.8014015076,2.961529373,238.9394988,1.310946275,0.007851250728,100,0.8317597866,,,,
P05,Shoulder Flexion,shoulder,vector-vector,left,177.8964233,173.8125153,,1,1,FALSE,mi4l:prom_lt_arom:173.813+2.000<177.896;too_many_clipped_frames:1.000,-4.083908081,,,,,,,1.23167347,0.3846336328,0,0.6766323126,,,,
P05,Shoulder Flexion,shoulder,vector-vector,right,177.5666656,174.6497803,,1,1,FALSE,mi4l:prom_lt_arom:174.650+2.000<177.567;too_many_clipped_frames:1.000,-2.916885376,,,,,,,0.02666999515,0.02426549106,0,0.6902245843,,,,
P05,Shoulder Stick Pass-Through,shoulder,distance,both,,,,,,,arom:no_valid_values;arom:too_few_valid_frames:0<15;too_many_clipped_frames:1.000,,,,,,,,,,0,,,,0,
P05,Standing Hip Abduction,hip,vector-reference,left,43.34763908,66.60562134,0.3491894796,1,1,TRUE,,23.25798225,0.3480582524,0.3855499901,2.401601942,0.8107317606,5.534168918,229.0767517,0.7196174659,0.003789758665,100,0.8788491642,,,,
P05,Standing Hip Abduction,hip,vector-reference,right,36.29968262,65.81396484,0.4484501473,1,1,TRUE,,29.51428223,1.153552632,0.2608558894,5.033684211,0.852132251,6.007705181,170.4469794,0.1474319434,0.0005562144868,100,0.9290255918,,,,
P05,Unilateral Hip Extension,hip,vector-vector,both,115.7700729,144.5343475,0.1990134185,1,1,TRUE,,28.7642746,0.843081761,0.8515592403,1.348930818,0.8283066587,12.66988391,485.2163285,1.294453112,0.006794200517,100,0.877622018,,,,
P09,Bilateral Leg Straddle,hip,vector-vector,both,99.96607971,84.63616943,,1,1,FALSE,mi4l:prom_lt_arom:84.636+2.000<99.966,-15.32991028,0.659787234,1.006281398,1.392884161,0.8524085442,11.97384484,628.4067611,0.2192970381,0.002880701844,92.12598425,0.7205167103,,,,
P09,Kneeling Knee Flexion,knee,vector-reference,left,76.16033936,79.00014496,0.03594684041,1,1,TRUE,,2.839805603,0.6827202073,0.6833635215,1.545103627,0.9211997757,7.393779875,988.2295714,0.01420117848,0.01071574321,100,0.9232285995,,,,
P09,Kneeling Knee Flexion,knee,vector-reference,right,67.4949913,73.65679169,0.0836555631,1,1,TRUE,,6.161800385,1.481886792,0.4352367238,1.481886792,0.8733205408,9.729589972,545.9380396,0.003184047651,0.008933572615,100,0.8253056574,,,,
P09,Prone Trunk Extension,trunk,vector-reference,both,39.61247253,63.93027115,0.3803800325,1,1,TRUE,,24.31779861,0.5020512821,0.4381112406,0.7889377289,0.8085840727,3.837530538,255.0798693,0.3855753032,0.01432122361,100,0.825679548,,,,
P09,Shoulder Stick Pass-Through,shoulder,distance,both,,,,,,,arom:no_valid_values;arom:too_few_valid_frames:0<15;too_many_clipped_frames:1.000,,,,,,,,,,0,,,,0,
P09,Standing Hip Abduction,hip,vector-reference,left,56.32217407,65.0856781,0.1346456591,1,1,TRUE,,8.763504028,0.3096176471,0.4154994301,2.580147059,0.8613334017,8.80003844,312.1926691,0.03533886936,0.002866455321,100,0.9807016542,,,,
P09,Standing Hip Abduction,hip,vector-reference,right,60.09313965,82.98614502,0.2758653913,1,1,TRUE,,22.89300537,0.2093076923,0.3313975101,0.9767692308,0.9386369712,5.594681971,362.0693925,0.2524197695,0.0005123519703,100,0.9552423926,,,,
P09,Unilateral Hip Extension,hip,vector-vector,both,114.2290878,99.96273804,,1,1,FALSE,mi4l:prom_lt_arom:99.963+2.000<114.229,-14.26634979,0.3280434783,0.8844357271,4.519710145,0.9353058994,4.551246423,880.0627366,3.029477177,0.028850662,100,0.8148784298,,,,
P15,Bilateral Leg Straddle,hip,vector-vector,both,110.4502411,115.3963013,0.04286151398,1,1,TRUE,,4.946060181,2.874829932,0.5996763868,1.185867347,0.8890664445,6.152713144,546.6507729,0.007031845605,0.001064174809,98.88888889,0.7841074648,,,,
P15,Kneeling Knee Flexion,knee,vector-reference,left,70.24663162,78.26696777,0.1024740881,1,1,TRUE,,8.020336151,1.578683036,0.5380104801,2.596056548,0.8777830753,8.436054254,292.8368829,0.04681439287,0.004519751392,100,0.8599766044,,,,
P15,Kneeling Knee Flexion,knee,vector-reference,right,77.47205353,81.54943085,0.04999884459,1,1,TRUE,,4.077377319,0.5508243728,0.556834724,2.306577061,0.8510649583,10.08806198,479.7880534,0.3423785667,0.006649252817,100,0.8352447429,,,,
P15,Prone Trunk Extension,trunk,vector-reference,both,35.56781769,45.73857117,0.2223671011,1,1,TRUE,,10.17075348,1.514363484,0.245461995,1.303056951,0.8674340595,4.626392765,278.9516196,0.2076267139,0.008080133124,100,0.8632925354,,,,
P15,Shoulder Flexion,shoulder,vector-vector,left,179.6458893,177.6711044,0,1,1,TRUE,mi4l:mi4l_clamped_to_zero,-1.974784851,3.96939759,0.8800499126,2.089156627,0.8590586786,25.86071216,809.4765155,0.05053878342,0.04474780574,100,0.8338071791,,,,
P15,Shoulder Flexion,shoulder,vector-vector,right,177.2368851,175.4196091,0,1,1,TRUE,mi4l:mi4l_clamped_to_zero,-1.817276001,3.264042553,0.6437611943,1.632021277,0.8498613103,22.64193648,677.4439537,0.001607800158,0.002878418787,100,0.7288424196,,,,
P15,Standing Hip Abduction,hip,vector-reference,left,47.57537842,90.28014374,0.4730250036,1,1,TRUE,,42.70476532,0.8960727969,0.3711471419,1.182816092,0.8333027382,6.655434692,176.7997606,0.08634142702,0.004476583376,100,0.9831621315,,,,
P15,Standing Hip Abduction,hip,vector-reference,right,37.18893433,98.96676636,0.6242280546,1,1,TRUE,,61.77783203,0.1451136364,0.3451336594,1.451136364,0.7972521793,5.754366582,197.7730021,0.8847725685,0.0042203136,100,0.9850981733,,,,
P15,Unilateral Hip Extension,hip,vector-vector,both,110.6641731,135.7581024,0.1848429585,1,1,TRUE,,25.09392929,1.067732558,0.8105782427,1.138914729,0.8730025006,14.16800802,672.9308451,0.7756949939,0.001585835613,100,0.9293460459,,,,
P16,Bilateral Leg Straddle,hip,vector-vector,both,83.94329834,94.54154587,0.1121014833,1,1,TRUE,,10.59824753,1.667381974,0.7778895155,3.501502146,0.7710349813,16.84332599,474.7919902,0.1345558607,0.0168218356,100,0.9280211074,,,,
P16,Kneeling Knee Flexion,knee,vector-reference,left,55.68612671,81.02008057,0.3126873447,0.5291005291,1,TRUE,arom:low_valid_ratio:0.106<0.200,25.33395386,0.2001058201,0.4323017207,0.7670723104,0.4909366396,11.2003341,694.2736166,0.6810441051,0.001752478565,100,0.7611883679,,,,
P16,Kneeling Knee Flexion,knee,vector-reference,right,69.84630585,80.94689941,0.1371342651,1,1,TRUE,,11.10059357,1.348245614,0.5001710565,0.9774780702,0.4687256755,16.59004698,712.3511438,1.008497643,0.004242558612,100,0.7998248078,,,,
P16,Prone Trunk Extension,trunk,vector-reference,both,29.083601,58.74541473,0.5049213436,1,1,TRUE,,29.66181374,0.2334334764,0.3328753249,1.834120172,0.81802595,3.927919637,166.8099042,0.9506197319,0.00264428584,100,0.7720687874,,,,
P16,Shoulder Stick Pass-Through,shoulder,distance,both,,,,,,,arom:plateau_too_short:7<10;arom:too_few_valid_frames:7<15;too_many_clipped_frames:1.000,,,,,,,,,,2.310231023,0.8888687024,3.088012942,0.3238328397,0.08085808581,0.2053376206
P16,Standing Hip Abduction,hip,vector-reference,left,,83.70049286,,0,0.6677018634,FALSE,arom:low_valid_ratio:0.028<0.200;arom:no_valid_hold;arom:too_few_valid_frames:6<15;mi4l:missing_arom_or_prom;prom:low_valid_ratio:0.134<0.200,,,,,0.744160519,11.29595843,551.6821855,,,100,,,,,
P16,Standing Hip Abduction,hip,vector-reference,right,81.19528198,95.07739258,0.1460085328,1,1,TRUE,,13.8821106,0.7060162602,0.5415406396,0.9178211382,0.6335417566,17.80489126,697.5049373,0.05041005509,0.001728131027,100,0.971011368,,,,
P16,Unilateral Hip Extension,hip,vector-vector,both,95.23952484,133.7026062,0.2876763771,0.8018867925,1,TRUE,arom:low_valid_ratio:0.160<0.200,38.46308136,0.3912740741,0.6510071233,1.493955556,0.2630021839,16.06942952,765.6377359,0.4303225302,0.001348223204,100,0.8965403221,,,,
P20,Bilateral Leg Straddle,hip,vector-vector,both,101.2068787,132.5424347,0.2364190465,1,1,TRUE,,31.33555603,5.130773067,0.6506035162,1.13276808,0.830263983,17.05369486,235.440357,0.2479427646,0.005695139857,96.5,0.8914752885,,,,
P20,Kneeling Knee Flexion,knee,vector-reference,left,73.9942627,82.7869339,0.1062084412,1,1,TRUE,,8.792671204,0.7892307692,0.3143140144,0.3758241758,0.957934261,5.565613347,639.287077,0.2052613176,0.003012745179,100,0.8293652709,,,,
P20,Kneeling Knee Flexion,knee,vector-reference,right,72.8484726,77.88665771,0.06468611271,1,1,TRUE,,5.03818512,1.080904523,0.5468850829,0.7926633166,0.8750223858,6.157226166,333.3017757,0.03977039375,0.00526678534,100,0.81216575,,,,
P20,Prone Trunk Extension,trunk,vector-reference,both,35.17791748,67.42200851,0.4782428134,1,1,TRUE,,32.24409103,0.3828588808,0.2568124646,1.322603406,0.8610964157,4.540026008,223.7578695,0.7234863524,0.002841670244,100,0.7953048688,,,,
P20,Shoulder Stick Pass-Through,shoulder,distance,both,,,,,,,too_many_clipped_frames:1.000,,,,,,,,,,100,0.9617056793,3.135406633,0.3189378977,1,8.555859375
P20,Standing Hip Abduction,hip,vector-reference,left,56.93379593,105.073452,0.4581524177,1,1,TRUE,,48.13965607,0.3391875747,0.5903340269,3.527550777,0.7857850406,7.496921913,182.1373231,0.7778184579,0.005975040672,100,0.9779859357,,,,
P20,Standing Hip Abduction,hip,vector-reference,right,42.63652039,93.51889038,0.5440865454,1,1,TRUE,,50.88237,0.1363410853,0.5286700547,2.658651163,0.8529468514,5.988849737,141.4345389,0.8039310674,0.004564882994,100,0.9187153185,,,,
P20,Unilateral Hip Extension,hip,vector-vector,both,107.8523865,152.9763336,0.2949733863,1,1,TRUE,,45.12394714,0.466954023,0.8309662806,2.083333333,0.9415647788,8.871022671,741.0504569,0.6976595657,0.001583601919,100,0.877802002,,,,
P23,Bilateral Leg Straddle,hip,vector-vector,both,117.050209,127.42173,0.08139522978,1,1,TRUE,,10.371521,1.502619974,0.7005235708,3.585797665,0.9452105033,8.102676176,433.8305127,0.03522198986,0.0003593675768,100,0.796143764,,,,
P23,Kneeling Knee Flexion,knee,vector-reference,left,80.01621628,87.81946564,0.08885557778,1,1,TRUE,,7.803249359,3.467833895,0.5063653472,0.8336139169,0.8703234049,9.491372438,283.3678235,0.4458944255,0.03746874989,100,0.773170811,,,,
P23,Kneeling Knee Flexion,knee,vector-reference,right,,89.1056366,,0,1,FALSE,arom:low_valid_ratio:0.084<0.200;arom:no_valid_hold;arom:too_few_valid_frames:14<15;mi4l:missing_arom_or_prom,,,,,0.8282432267,12.0954612,722.8830466,,,94.61077844,,,,,
P23,Prone Trunk Extension,trunk,vector-reference,both,71.95101166,50.98560333,,1,1,FALSE,mi4l:prom_lt_arom:50.986+2.000<71.951,-20.96540833,1.42916129,0.4932246394,1.062709677,0.9448176263,3.631576476,159.8344021,0.03643901606,0.005355894569,100,0.803300346,,,,
P23,Shoulder Flexion,shoulder,vector-vector,left,175.6056366,178.9475784,0.01867553539,1,1,TRUE,,3.341941833,0.5327898551,1.387938249,0,0.839866083,29.87859882,966.4877948,0.456821976,0.07293832551,96.92307692,0.8125664572,,,,
P23,Shoulder Flexion,shoulder,vector-vector,right,177.6495438,173.5453415,,1,1,FALSE,mi4l:prom_lt_arom:173.545+2.000<177.650,-4.104202271,2.243390152,1.063872086,0,0.1287223121,1.398408002,95.89517716,0.6356552504,0.07937045714,100,0.7745809724,,,,
P23,Shoulder Stick Pass-Through,shoulder,distance,both,,,,,,,,,,,,,,,,,100,0.9745658582,2.555086597,0.3913761675,1,5.815857143
P23,Standing Hip Abduction,hip,vector-reference,left,79.12527466,94.33341217,0.1612168707,1,0.9171597633,TRUE,prom:low_valid_ratio:0.183<0.200,15.20813751,0.478625,0.570416454,1.9486875,0.8793850273,11.3139105,356.5059234,0.1603082179,0.0003925054234,100,0.8558084584,,,,
P23,Standing Hip Abduction,hip,vector-reference,right,64.84838867,85.17062378,0.2386061556,1,1,TRUE,,20.32223511,0.5493243243,0.4063846448,1.57472973,0.9229649666,6.475219246,352.4996396,0.05230340152,0.0007904876614,100,0.9791325971,,,,
P23,Unilateral Hip Extension,hip,vector-vector,both,123.1245117,153.210495,0.1963702505,0.5,1,TRUE,arom:fallback_movement_window;arom:low_valid_ratio:0.075<0.200;arom:no_valid_hold;arom:too_few_valid_frames:10<15,30.08598328,0.2128169014,0.8559294209,0.3901643192,0.08147202688,8.414468292,1379.193022,0.8409971845,0.003349427056,97.7443609,0.8759686771,,,,
P03,Bilateral Leg Straddle,hip,vector-vector,both,116.5094604,141.6423492,0.1774390846,1,1,TRUE,,25.13288879,1.56446281,0.663135394,1.216804408,0.8898126235,6.884179373,1532.297709,0.1194890483,0.0008248341685,94.7826087,0.7924641203,,,,
P03,Kneeling Knee Flexion,knee,vector-reference,left,77.08291626,78.830513,0.0221690393,0.3412698413,1,TRUE,arom:low_valid_ratio:0.068<0.200,1.747596741,0.8761904762,0.5863308547,0.673992674,0.6017842031,13.78988401,1847.779579,0.4759704537,0.000473141635,86.98412698,0.7574532903,,,,
P03,Kneeling Knee Flexion,knee,vector-reference,right,67.52426147,74.45295715,0.09306138995,1,1,TRUE,,6.928695679,0.5620813008,0.466066863,0.9836422764,0.7308558755,6.334385497,409.5539683,0.767425506,0.01252353988,98.97435897,0.7613172878,,,,
P03,Prone Trunk Extension,trunk,vector-reference,both,54.69430542,70.80434418,0.2275289595,1,1,TRUE,,16.11003876,1.781917098,0.3581547499,0.663851468,0.5402225357,4.091649579,253.9632223,0.4404673009,0.009704450176,100,0.8193326111,,,,
P03,Shoulder Stick Pass-Through,shoulder,distance,both,,,,,,,too_many_clipped_frames:1.000,,,,,,,,,,100,0.8548659556,2.064458144,0.4843886048,1,4.153185484
P03,Standing Hip Abduction,hip,vector-reference,left,74.86668396,128.4836426,0.4173057172,1,1,TRUE,,53.61695862,0.2770512821,0.8863591386,0.9696794872,0.1124064787,29.78959221,666.5240072,0.6838765485,0.003354628629,100,0.8618664163,,,,
P03,Standing Hip Abduction,hip,vector-reference,right,78.89160156,131.2148132,0.3987599447,1,1,TRUE,,52.32321167,0.2081954887,0.6263572675,3.886315789,0.8424721422,10.82035987,793.0030872,5.351986312,0.02889940529,100,0.9681692754,,,,
P03,Unilateral Hip Extension,hip,vector-vector,both,108.337616,141.9168549,0.2366120566,1,1,TRUE,,33.57923889,0.2832575758,1.247850663,1.380880682,0.8779658255,11.98363411,567.4518824,1.43101317,0.196500093,100,0.9038533144,,,,
P06,Bilateral Leg Straddle,hip,vector-vector,both,163.7293854,162.66922,0,1,1,TRUE,mi4l:mi4l_clamped_to_zero,-1.060165405,3.125,0.733013437,1.770833333,0.8529004408,17.70910059,566.8527228,0.016019743,0.001294624923,95.21276596,0.8002510734,,,,
P06,Kneeling Knee Flexion,knee,vector-reference,left,88.14409637,89.09342194,0.01065539454,1,1,TRUE,,0.9493255615,2.467132867,0.3658450831,2.584615385,0.8919565571,11.88575395,676.9246296,0.2216198909,0.003037973469,100,0.7865759616,,,,
P06,Kneeling Knee Flexion,knee,vector-reference,right,88.08681488,88.13297272,0.0005237294907,1,0.25,TRUE,prom:last_resort_fallback;prom:low_valid_ratio:0.021<0.200;prom:no_valid_hold;prom:too_few_valid_frames:2<10,0.04615783691,1.68259587,0.6478595348,1.024188791,0.8962266589,6.552936736,924.1980678,0.1094881502,0.01301805332,100,0.7517210779,,,,
P06,Prone Trunk Extension,trunk,vector-reference,both,59.40769196,78.32857513,0.2415578625,1,1,TRUE,,18.92088318,0.5313194444,0.4763160423,0.7969791667,0.6954119175,5.817333555,329.5808583,0.482216011,0.009419041059,100,0.8053930057,,,,
P06,Shoulder Stick Pass-Through,shoulder,distance,both,,,,,,,too_many_clipped_frames:1.000,,,,,,,,,,90.66666667,0.8975494589,1.954725109,0.5115808845,1,2.987878788
P06,Standing Hip Abduction,hip,vector-reference,left,147.0372009,169.5840302,0.1329537292,1,1,TRUE,too_many_clipped_frames:0.640,22.54682922,0.3793650794,1.092501911,2.314126984,0.9796534297,8.169056262,547.4328019,0.3069226534,0.003100040336,100,0.924466904,,,,
P06,Standing Hip Abduction,hip,vector-reference,right,114.1647949,159.5226059,0.2843346917,1,1,TRUE,,45.35781097,0.2765109034,0.7128006667,1.066542056,0.9449502886,7.852963366,447.7139508,0.5815375038,0.001185985058,100,0.917394299,,,,
P12,Bilateral Leg Straddle,hip,vector-vector,both,110.8465118,150.4732056,0.2633471758,1,1,TRUE,,39.62669373,2.098536585,0.5080651983,1.119219512,0.8095826949,15.69371656,1194.026512,0.4001986719,0.003279227115,98.45360825,0.8423894525,,,,
P12,Kneeling Knee Flexion,knee,vector-reference,left,65.70890808,77.73297882,0.1546842913,0.25,1,TRUE,arom:last_resort_fallback;arom:low_valid_ratio:0.030<0.200;arom:no_valid_hold;arom:too_few_valid_frames:6<10,12.02407074,1.333939394,0.3623749704,1.965805423,0.7993387645,9.744191809,592.216231,,,100,,,,,
P12,Prone Trunk Extension,trunk,vector-reference,both,41.57568359,68.0637207,0.3891652827,1,1,TRUE,,26.48803711,0.2055,0.5098755174,1.0275,0.4290522729,6.650654193,276.5925594,1.568320115,0.007929801283,100,0.7992848719,,,,
P12,Shoulder Stick Pass-Through,shoulder,distance,both,,,,,,,too_many_clipped_frames:1.000,,,,,,,,,,100,0.8469606511,3.199273846,0.3125709295,1,5.466666667
P12,Standing Hip Abduction,hip,vector-reference,left,75.73970795,132.649704,0.4290246742,0.4666666667,1,TRUE,arom:low_valid_ratio:0.093<0.200,56.90999603,0.1747881356,0.5035822653,2.691737288,0.7166101774,12.91439682,393.9069759,0.07059852167,0.001959475275,100,0.9253542911,,,,
P12,Standing Hip Abduction,hip,vector-reference,right,56.16534424,103.0985107,0.4552264253,1,1,TRUE,,46.9331665,0.3481953291,0.6316709449,3.377494692,0.9272420167,4.878387882,472.5610217,0.2240218789,0.0007951134144,100,0.9241060396,,,,
P12,Unilateral Hip Extension,hip,vector-vector,both,110.4148712,134.7984695,0.1808892817,1,1,TRUE,,24.38359833,1.275703125,0.6834719431,1.488320313,0.8752846636,13.84994082,1273.123842,0.2000559634,0.01014892821,96.68049793,0.8934894296,,,,
P18,Bilateral Leg Straddle,hip,vector-vector,both,86.20137024,98.71776962,0.1267897303,1,1,TRUE,,12.51639938,1.805364583,0.6136674785,3.469131944,0.9141892264,9.713718199,393.4315434,0.2001382185,0.000467550047,100,0.9345196752,,,,
P18,Kneeling Knee Flexion,knee,vector-reference,left,50.32461357,70.66207886,0.2878130054,1,1,TRUE,,20.33746529,0.4289855072,0.3399717695,2.430917874,0.6586627454,5.279238873,466.9081337,0.01650547415,0.001977792049,100,0.8025751193,,,,
P18,Kneeling Knee Flexion,knee,vector-reference,right,49.30569458,70.5627861,0.3012507399,1,1,TRUE,,21.25709152,0.5989756098,0.4728927572,0.06655284553,0.918299271,4.910831349,341.033757,0.3165848592,0.006013590478,100,0.8194138875,,,,
P18,Prone Trunk Extension,trunk,vector-reference,both,39.58568573,70.72759628,0.440307775,1,1,TRUE,,31.14191055,1.324831461,0.2494872033,2.921423221,0.8737713651,3.623034979,283.5274621,0.0361121145,0.005639615117,100,0.9243699512,,,,
P18,Shoulder Stick Pass-Through,shoulder,distance,both,,,,,,,too_many_clipped_frames:1.000,,,,,,,,,,100,0.7936100974,3.149936463,0.3174667209,1,9.109111922
P18,Standing Hip Abduction,hip,vector-reference,left,65.90951538,101.0580215,0.3478052076,1,1,TRUE,,35.14850616,0.208817734,0.5013386152,1.009285714,0.9008732064,7.160305145,245.0966271,0.9177824664,0.0007601837377,100,0.8507096706,,,,
P18,Standing Hip Abduction,hip,vector-reference,right,48.18768311,69.28790283,0.3045296345,1,0.25,TRUE,prom:last_resort_fallback;prom:low_valid_ratio:0.041<0.200;prom:no_valid_hold;prom:too_few_valid_frames:7<10,21.10021973,0.2811531532,0.2442562185,0.984036036,0.9076031002,5.734219338,216.5438045,0.8002390468,0.00194932913,100,0.8612101655,,,,
P18,Unilateral Hip Extension,hip,vector-vector,both,108.9168549,135.5799255,0.1966594285,1,1,TRUE,,26.66307068,0.7484741784,0.8144807811,2.138497653,0.9067586278,11.75060414,1019.2108,5.813001553,0.01048788561,100,0.9350995267,,,,
P22,Bilateral Leg Straddle,hip,vector-vector,both,124.5201836,113.3025284,,1,1,FALSE,mi4l:prom_lt_arom:113.303+2.000<124.520,-11.21765518,0.6551298701,1.388179782,4.896233766,0.8733351122,12.1604101,425.4399717,0.2333763818,0.001393667367,95.06726457,0.9464259222,,,,
P22,Kneeling Knee Flexion,knee,vector-reference,left,74.38497162,87.43240738,0.1492288289,1,1,TRUE,,13.04743576,1.188508371,0.4143574874,0,0.9261899389,5.60658935,520.6608602,22.68340305,0.04726544913,100,0.7902603783,,,,
P22,Kneeling Knee Flexion,knee,vector-reference,right,76.99545288,78.9513855,0.02477388592,1,1,TRUE,,1.955932617,0.6297321429,0.5886658202,0.6297321429,0.3939615326,8.637012215,495.4525211,0.9796006931,0.0110066373,100,0.8898066883,,,,
P22,Prone Trunk Extension,trunk,vector-reference,both,38.38108826,64.49390411,0.4048881242,0.25,1,TRUE,arom:last_resort_fallback;arom:low_valid_ratio:0.010<0.200;arom:no_valid_hold;arom:too_few_valid_frames:2<10,26.11281586,,,6.730627063,0.3131638597,2.113684541,287.4286509,,,100,,,,,
P22,Shoulder Stick Pass-Through,shoulder,distance,both,,,,,,,too_many_clipped_frames:1.000,,,,,,,,,,100,0.8700749997,3.0163985,0.3315211833,1,9.334714286
P22,Standing Hip Abduction,hip,vector-reference,left,47.17897415,61.00014877,0.2265760805,1,1,TRUE,,13.82117462,0.4831213873,0.2904162896,1.449364162,0.8528911499,6.065765967,290.8366195,0.9546868252,0.002531284176,100,0.9628177083,,,,
P22,Standing Hip Abduction,hip,vector-reference,right,52.66674805,70.14675903,0.2491919973,1,1,TRUE,,17.48001099,0.2417424242,0.3331927582,1.312316017,0.8733106776,7.032089728,297.5530172,0.7906145775,0.00168275303,100,0.9200031501,,,,
P22,Unilateral Hip Extension,hip,vector-vector,both,110.0873566,117.7977066,0.06545416086,1,1,TRUE,,7.710350037,0.5527310924,0.8893898998,1.216008403,0.9129316766,13.05382355,851.7919541,4.677019381,0.02328006423,100,0.8647171563,,,,
P24,Bilateral Leg Straddle,hip,vector-vector,both,67.39155579,83.27453995,0.1907303742,1,1,TRUE,,15.88298416,0.3185,0.7158025429,1.238611111,0.8895714988,5.966270039,1222.122799,0.04612522907,0.004312548181,91.71597633,0.9732677825,,,,
P24,Kneeling Knee Flexion,knee,vector-reference,left,63.09650421,78.5269928,0.1964991659,1,1,TRUE,,15.43048859,0.8497826087,0.4203114144,2.089048913,0.7899318643,4.667931163,233.9243935,0.9600312768,0.01494662407,100,0.8553728528,,,,
P24,Kneeling Knee Flexion,knee,vector-reference,right,55.16334534,69.05992889,0.2012249908,1,1,TRUE,,13.89658356,0.6669796557,0.4506506274,1.067167449,0.1691413712,1.933213903,345.9257383,0.7637806214,0.004026027406,100,0.8380128357,,,,
P24,Prone Trunk Extension,trunk,vector-reference,both,39.76722336,53.81048203,0.2609762659,1,1,TRUE,,14.04325867,0.5140873016,0.367307256,1.096719577,0.8979244599,3.296164925,167.9802346,0.634434217,0.008955482463,100,0.8620877945,,,,
P24,Shoulder Stick Pass-Through,shoulder,distance,both,,,,,,,too_many_clipped_frames:1.000,,,,,,,,,,100,0.9172618646,3.493318544,0.2862607539,1,5.128409586
P24,Standing Hip Abduction,hip,vector-reference,left,43.1410408,70.82408905,0.3908705162,1,1,TRUE,,27.68304825,0.3398092369,0.4396741077,6.592299197,0.5219742212,10.22531463,201.4818353,0.124699473,0.01753332143,100,0.9815502664,,,,
P24,Standing Hip Abduction,hip,vector-reference,right,41.74781799,57.94555664,0.2795337483,1,1,TRUE,,16.19773865,0.03493029151,0.5028131389,2.09581749,0.8466187085,5.622997164,154.1883133,0.6473365465,0.005305753217,100,0.9678124833,,,,
P24,Unilateral Hip Extension,hip,vector-vector,both,81.13101959,113.1187515,0.2827801006,1,1,TRUE,,31.98773193,1.888858447,0.4914703163,1.19869863,0.8798254971,11.06015912,717.8851909,1.151053861,0.0001972914757,100,0.9193750943,,,,
P25,Bilateral Leg Straddle,hip,vector-vector,both,97.88673401,152.4948654,0.3580981645,1,1,TRUE,,54.60813141,0.324921875,0.8406171686,2.454965278,0.8717243468,14.21079964,323.51175,0.0009551056519,0.001117264913,100,0.8847452252,,,,
P25,Kneeling Knee Flexion,knee,vector-reference,left,74.07429504,79.289608,0.06577549176,1,1,TRUE,,5.215312958,0.7531140351,0.5728021274,1.300833333,0.8310191017,6.246260063,530.6331713,0.147359382,0.01752458005,100,0.7597182775,,,,
P25,Kneeling Knee Flexion,knee,vector-reference,right,72.96961975,82.74716949,0.1181617426,1,1,TRUE,,9.777549744,1.131234568,0.5010257176,2.295740741,0.8299374454,7.860677574,601.5275615,0.4008118544,0.006125515494,100,0.7894010358,,,,
P25,Prone Trunk Extension,trunk,vector-reference,both,39.71325684,66.89264679,0.4063135675,1,1,TRUE,,27.17938995,0.7425298805,0.588894906,0.4950199203,0.691923868,4.577253785,256.357879,0.1656653971,0.009119295098,100,0.8604093485,,,,
P25,Shoulder Stick Pass-Through,shoulder,distance,both,,,,,,,too_many_clipped_frames:1.000,,,,,,,,,,100,0.8536489606,2.77648155,0.3601680696,1,8.225614035
P25,Standing Hip Abduction,hip,vector-reference,left,57.61770248,109.9214401,0.4758283514,0.25,1,TRUE,arom:last_resort_fallback;arom:low_valid_ratio:0.078<0.200;arom:no_valid_hold;arom:too_few_valid_frames:6<10,52.30373764,0.1097093023,0,0.658255814,0.8727825216,6.958369453,627.279741,,,100,,,,,
P25,Standing Hip Abduction,hip,vector-reference,right,86.04315186,82.73348999,,0.25,1,FALSE,arom:last_resort_fallback;arom:low_valid_ratio:0.039<0.200;arom:no_valid_hold;arom:too_few_valid_frames:5<10;mi4l:prom_lt_arom:82.733+2.000<86.043,-3.309661865,0.1853729604,0.4972087239,1.186386946,0.8351303361,13.54286434,510.4089275,,,100,,,,,
P25,Unilateral Hip Extension,hip,vector-vector,both,132.8710632,148.8796539,0.1075270547,0.25,1,TRUE,arom:last_resort_fallback;arom:low_valid_ratio:0.011<0.200;arom:no_valid_hold;arom:too_few_valid_frames:3<10,16.0085907,0.2092907801,1.058926104,0.8022813239,0.8160754082,21.38098367,695.2136989,,,100,,,,,
P02,Bilateral Leg Straddle,hip,vector-vector,both,106.2266235,100.0411987,,1,0.3735325507,FALSE,mi4l:prom_lt_arom:100.041+2.000<106.227;prom:low_valid_ratio:0.075<0.200,-6.185424805,3.135550314,0.5077659631,6.938238994,0.9155159403,12.21604264,750.0815302,0.6610114547,0.001690979031,85.3427896,0.8120722256,,,,
P02,Kneeling Knee Flexion,knee,vector-reference,left,63.92646408,72.53533554,0.118685209,1,1,TRUE,,8.60887146,3.093209877,0.3661836072,1.684080933,0.7810759299,9.411057606,564.6267562,0.1240377225,0.0004991570484,100,0.8827828674,,,,
P02,Kneeling Knee Flexion,knee,vector-reference,right,61.79187012,79.33712006,0.2211480569,1,1,TRUE,,17.54524994,0.7000983146,0.4589677569,3.867209738,0.8492877696,9.258493572,390.2600467,0.1648280803,0.004446554343,100,0.9013285577,,,,
P02,Prone Trunk Extension,trunk,vector-reference,both,35.40127563,68.7342453,0.4849543269,1,1,TRUE,,33.33296967,0.3669270833,0.2994257294,4.53655303,0.8592670623,4.411084581,166.3442335,1.608491757,0.009654446444,100,0.8241292642,,,,
P02,Shoulder Flexion,shoulder,vector-vector,left,178.7119141,179.8963623,0.006584058883,1,1,TRUE,too_many_clipped_frames:1.000,1.184448242,4.163995726,0.9216915269,8.228055556,0.9081181301,23.75532816,342.5568796,0.06926924049,0.004488103553,100,0.7744005194,,,,
P02,Shoulder Flexion,shoulder,vector-vector,right,177.4577255,,,1,,FALSE,too_many_clipped_frames:0.998,,3.561841891,1.303479079,5.846797066,0.8557156933,24.57752573,379.4260496,0.1130447264,0.006673998614,100,0.7274888419,,,,
P02,Shoulder Stick Pass-Through,shoulder,distance,both,,,,,,,,,,,,,,,,,100,0.9892006369,3.255567279,0.3071661294,1,11.87550041
P02,Standing Hip Abduction,hip,vector-reference,left,49.75875473,52.81501389,0.05786724135,1,1,TRUE,,3.056259155,0.7731944444,0.4183429372,4.252569444,0.8790183739,7.174608295,168.714378,0.01943054527,0.00435480681,100,0.9812124041,,,,
P02,Standing Hip Abduction,hip,vector-reference,right,38.73371887,50.31594849,0.2301900285,1,1,TRUE,,11.58222961,0.2416199377,0.3997790389,2.105545171,0.7169542492,7.312743585,259.0264698,0.09779202771,0.00226798647,100,0.9702638616,,,,
P04,Bilateral Leg Straddle,hip,vector-vector,both,121.8309174,138.4897919,0.1202895483,1,1,TRUE,,16.65887451,2.430555556,0.6295896452,2.395833333,0.8864010255,16.5439228,359.6424307,0.05409617066,0.0002371626922,100,0.8674621734,,,,
P04,Kneeling Knee Flexion,knee,vector-reference,left,77.78829193,87.12632751,0.1071781154,1,1,TRUE,,9.338035583,2.313548387,0.3275040262,1.927956989,0.8482075703,8.205273297,447.6051322,0.5266718184,0.002075492161,100,0.7688856333,,,,
P04,Kneeling Knee Flexion,knee,vector-reference,right,79.11875916,89.68902588,0.1178546274,1,1,TRUE,,10.57026672,2.289333333,0.339629466,0.808,0.9140879462,0.6408228022,103.389706,0.03306033458,0.01163549759,100,0.7687847015,,,,
P04,Prone Trunk Extension,trunk,vector-reference,both,36.6005249,63.62089157,0.4247090225,1,1,TRUE,,27.02036667,1.587115717,0.2743328046,2.416744387,0.8944968476,1.880303426,294.9105454,0.01242596446,0.01009112787,100,0.8234970049,,,,
P04,Shoulder Stick Pass-Through,shoulder,distance,both,,,,,,,too_many_clipped_frames:1.000,,,,,,,,,,100,0.9131877054,2.945028711,0.3395552635,1,6.414236111
P04,Standing Hip Abduction,hip,vector-reference,left,84.86791229,149.9350433,0.4339688014,1,1,TRUE,,65.06713104,0.8387464387,0.6576349224,1.385754986,0.940287883,3.01392278,230.6015301,0.1147707302,0.006530350539,100,0.8643285568,,,,
P04,Standing Hip Abduction,hip,vector-reference,right,46.06060791,143.305191,0.6785838142,1,1,TRUE,,97.24458313,0.347826087,0.2390575667,2.782608696,0.9802935085,1.997210444,153.8571246,0.2690332612,0.001706546019,100,0.9048853714,,,,
P04,Unilateral Hip Extension,hip,vector-vector,both,119.8960419,158.2715302,0.2424661482,1,1,TRUE,,38.37548828,3.602619926,0.4587333121,1.942589176,0.9138289717,6.84147084,406.3566879,2.056584943,0.01849626267,100,0.9008918672,,,,
P07,Kneeling Knee Flexion,knee,vector-reference,left,73.00001144,85.83457947,0.149526777,1,1,TRUE,,12.83456802,2.401216216,0.4172553655,4.702381757,0.9154950663,8.684854942,365.8990368,0.008207192988,0.004659786278,100,0.8506673868,,,,
P07,Kneeling Knee Flexion,knee,vector-reference,right,72.67998505,88.15983582,0.1755884709,1,1,TRUE,,15.47985077,1.2006,0.3235232533,3.0682,0.9155132911,6.97928508,405.2055982,0.0649105803,0.002780527061,100,0.8831475319,,,,
P07,Prone Trunk Extension,trunk,vector-reference,both,43.62935066,70.9719696,0.3852594073,1,1,TRUE,,27.34261894,0.566996124,0.333362737,2.468100775,0.9283128463,4.1219895,328.2811128,0.1984744585,0.001586017432,100,0.8556280403,,,,
P07,Shoulder Flexion,shoulder,vector-vector,left,178.1584473,,,1,,FALSE,,,0.6002821317,1.364276945,4.935653083,0.9035775672,22.53965166,389.0957862,0.0696657819,0.02550180495,100,0.8125255427,,,,
P07,Shoulder Flexion,shoulder,vector-vector,right,177.8148499,177.9771576,0.0009119582617,1,1,TRUE,,0.1623077393,0.5001930502,1.451390049,3.034504505,0.9033555408,20.8231574,725.4349932,0.1219725581,0.03401192778,100,0.7802894887,,,,
P07,Shoulder Stick Pass-Through,shoulder,distance,both,,,,,,,,,,,,,,,,,100,0.9685695289,2.791046441,0.3582885563,1,10.97165152
P07,Standing Hip Abduction,hip,vector-reference,left,83.62113571,147.0248566,0.4312449088,1,1,TRUE,,63.40372086,0.4002453988,0.4201348907,3.30202454,0.948160431,7.651513848,472.2580123,0.04594887242,0.0005598541087,100,0.9788991863,,,,
P07,Standing Hip Abduction,hip,vector-reference,right,82.14263916,156.9098206,0.4764977815,1,1,TRUE,,74.7671814,0.366784188,0.4500679547,2.267393162,0.7783047095,15.47949102,281.0383534,0.170336701,0.0003498586485,100,0.9490811562,,,,
P07,Unilateral Hip Extension,hip,vector-vector,both,128.7790985,171.8218994,0.2505082359,1,1,TRUE,,43.0428009,1.400686275,1.069162149,4.335457516,0.9642508875,9.640290479,768.9554687,0.5563445728,0.005595374393,100,0.9019828986,,,,
P14,Bilateral Leg Straddle,hip,vector-vector,both,165.816925,175.9750061,0.05772456714,1,1,TRUE,,10.15808105,0.03448748991,1.264330382,6.794035513,0.8808599875,19.11283234,1061.20092,8.029632823,0.07134005643,67.75,0.8302746254,,,,
P14,Kneeling Knee Flexion,knee,vector-reference,left,89.84584045,88.03455353,0,1,1,TRUE,mi4l:mi4l_clamped_to_zero,-1.811286926,3.369674419,0.5019501374,2.106046512,0.9273387857,6.896510629,413.4981725,0.01686142106,0.01436478176,100,0.7877029093,,,,
P14,Kneeling Knee Flexion,knee,vector-reference,right,82.39703751,87.18144989,0.05487878889,1,1,TRUE,,4.784412384,2.041417323,0.5212647304,2.428582677,0.8902140176,10.41504634,354.5321461,0.8922245863,0.03780026277,100,0.7666820345,,,,
P14,Prone Trunk Extension,trunk,vector-reference,both,56.06713867,65.48260498,0.1437857628,1,1,TRUE,,9.415466309,0.5297268908,0.5624715899,2.825210084,0.862585829,8.272051097,228.7505118,1.49396663,0.01951395014,100,0.7919811496,,,,
P14,Shoulder Flexion,shoulder,vector-vector,left,178.2548065,173.7072601,,1,0.5,FALSE,mi4l:prom_lt_arom:173.707+2.000<178.255;prom:fallback_movement_window;prom:low_valid_ratio:0.027<0.200;prom:no_valid_hold;prom:too_few_valid_frames:9<10,-4.547546387,0.8512773723,1.51221741,1.906861314,0.7666974394,29.62479731,742.8499176,0.1204627601,0.02684310366,100,0.8442808875,,,,
P14,Shoulder Flexion,shoulder,vector-vector,right,177.5043411,,,1,,FALSE,,,1.227333333,1.566644401,1.875092593,0.6212421812,24.1627482,764.848262,0.6423811485,0.01581836895,98.86363636,0.7726745295,,,,
P14,Shoulder Stick Pass-Through,shoulder,distance,both,,,,,,,,,,,,,,,,,100,0.9604390023,1.595873554,0.6266160607,1,8.939975217
P14,Standing Hip Abduction,hip,vector-reference,left,145.4545898,159.410881,0.08754917549,0.9821428571,1,TRUE,arom:low_valid_ratio:0.196<0.200,13.9562912,0.3597826087,1.037956079,2.590434783,0.5389916185,39.45101277,453.3572936,0.08177699977,0.0006953799911,100,0.9501283584,,,,
P14,Standing Hip Abduction,hip,vector-reference,right,150.9611816,154.7794342,0.02466899161,0.25,1,TRUE,arom:last_resort_fallback;arom:low_valid_ratio:0.022<0.200;arom:no_valid_hold;arom:too_few_valid_frames:4<10,3.818252563,0.2445087719,1.07813196,2.584807018,0.3562823355,38.54055138,598.6639916,,,100,,,,,
P14,Unilateral Hip Extension,hip,vector-vector,both,150.0893631,173.8849182,0.1368465728,1,0.4631379962,TRUE,prom:low_valid_ratio:0.093<0.200;too_many_clipped_frames:0.731,23.79555511,1.968065718,1.445696975,5.103628049,0.6725782851,21.08659979,665.0087775,2.181935821,0.0581585955,99.38900204,0.8022363794,,,,